"country_name","genres","n"
"Argentina","Action",134
"Argentina","Adult",2
"Argentina","Adventure",102
"Argentina","Animation",59
"Argentina","Biography",11
"Argentina","Comedy",179
"Argentina","Crime",134
"Argentina","Documentary",20
"Argentina","Drama",370
"Argentina","Family",13
"Argentina","Fantasy",27
"Argentina","History",2
"Argentina","Horror",26
"Argentina","Music",38
"Argentina","Musical",1
"Argentina","Mystery",62
"Argentina","Romance",101
"Argentina","Sci-Fi",10
"Argentina","Short",2
"Argentina","Sport",8
"Argentina","Thriller",79
"Argentina","War",3
"Argentina","Western",1
"Australia","Action",182
"Australia","Adult",2
"Australia","Adventure",135
"Australia","Animation",52
"Australia","Biography",18
"Australia","Comedy",184
"Australia","Crime",136
"Australia","Documentary",42
"Australia","Drama",288
"Australia","Family",38
"Australia","Fantasy",51
"Australia","Game-Show",11
"Australia","History",5
"Australia","Horror",23
"Australia","Music",1
"Australia","Mystery",59
"Australia","Reality-TV",30
"Australia","Romance",79
"Australia","Sci-Fi",41
"Australia","Short",5
"Australia","Sport",13
"Australia","Thriller",60
"Australia","War",7
"Australia","Western",4
"Austria","Action",197
"Austria","Adult",2
"Austria","Adventure",130
"Austria","Animation",37
"Austria","Biography",18
"Austria","Comedy",186
"Austria","Crime",154
"Austria","Documentary",32
"Austria","Drama",314
"Austria","Family",41
"Austria","Fantasy",56
"Austria","Game-Show",9
"Austria","History",5
"Austria","Horror",32
"Austria","Music",5
"Austria","Mystery",58
"Austria","Reality-TV",13
"Austria","Romance",93
"Austria","Sci-Fi",20
"Austria","Short",4
"Austria","Sport",16
"Austria","Thriller",65
"Austria","War",4
"Bahamas","Action",174
"Bahamas","Adult",3
"Bahamas","Adventure",98
"Bahamas","Animation",78
"Bahamas","Biography",16
"Bahamas","Comedy",172
"Bahamas","Crime",136
"Bahamas","Documentary",20
"Bahamas","Drama",300
"Bahamas","Family",44
"Bahamas","Fantasy",33
"Bahamas","Game-Show",9
"Bahamas","Horror",30
"Bahamas","Music",2
"Bahamas","Mystery",50
"Bahamas","Reality-TV",14
"Bahamas","Romance",84
"Bahamas","Sci-Fi",19
"Bahamas","Short",2
"Bahamas","Sport",7
"Bahamas","Thriller",100
"Bahamas","War",2
"Bahrain","Action",195
"Bahrain","Adult",3
"Bahrain","Adventure",104
"Bahrain","Animation",40
"Bahrain","Biography",22
"Bahrain","Comedy",164
"Bahrain","Crime",136
"Bahrain","Documentary",25
"Bahrain","Drama",334
"Bahrain","Family",15
"Bahrain","Fantasy",40
"Bahrain","Game-Show",12
"Bahrain","History",2
"Bahrain","Horror",28
"Bahrain","Music",3
"Bahrain","Musical",1
"Bahrain","Mystery",54
"Bahrain","Reality-TV",17
"Bahrain","Romance",93
"Bahrain","Sci-Fi",19
"Bahrain","Short",4
"Bahrain","Sport",9
"Bahrain","Thriller",66
"Bahrain","War",2
"Bangladesh","Action",228
"Bangladesh","Adult",2
"Bangladesh","Adventure",83
"Bangladesh","Animation",37
"Bangladesh","Biography",7
"Bangladesh","Comedy",196
"Bangladesh","Crime",176
"Bangladesh","Documentary",18
"Bangladesh","Drama",373
"Bangladesh","Family",11
"Bangladesh","Fantasy",25
"Bangladesh","Game-Show",2
"Bangladesh","History",2
"Bangladesh","Horror",25
"Bangladesh","Music",1
"Bangladesh","Musical",5
"Bangladesh","Mystery",97
"Bangladesh","Reality-TV",2
"Bangladesh","Romance",89
"Bangladesh","Sci-Fi",31
"Bangladesh","Short",7
"Bangladesh","Sport",1
"Bangladesh","Thriller",67
"Bangladesh","War",2
"Belgium","Action",191
"Belgium","Adult",2
"Belgium","Adventure",128
"Belgium","Animation",56
"Belgium","Biography",17
"Belgium","Comedy",184
"Belgium","Crime",136
"Belgium","Documentary",33
"Belgium","Drama",319
"Belgium","Family",20
"Belgium","Fantasy",51
"Belgium","Game-Show",9
"Belgium","History",2
"Belgium","Horror",27
"Belgium","Music",10
"Belgium","Mystery",51
"Belgium","Reality-TV",13
"Belgium","Romance",94
"Belgium","Sci-Fi",26
"Belgium","Short",4
"Belgium","Sport",11
"Belgium","Thriller",53
"Belgium","War",4
"Bolivia","Action",159
"Bolivia","Adult",3
"Bolivia","Adventure",141
"Bolivia","Animation",99
"Bolivia","Biography",3
"Bolivia","Comedy",222
"Bolivia","Crime",94
"Bolivia","Documentary",11
"Bolivia","Drama",286
"Bolivia","Family",12
"Bolivia","Fantasy",24
"Bolivia","Horror",22
"Bolivia","Music",21
"Bolivia","Mystery",46
"Bolivia","Reality-TV",3
"Bolivia","Romance",106
"Bolivia","Sci-Fi",18
"Bolivia","Sport",5
"Bolivia","Thriller",49
"Bolivia","War",2
"Brazil","Action",154
"Brazil","Adult",4
"Brazil","Adventure",210
"Brazil","Animation",75
"Brazil","Biography",12
"Brazil","Comedy",203
"Brazil","Crime",113
"Brazil","Documentary",22
"Brazil","Drama",298
"Brazil","Family",70
"Brazil","Fantasy",27
"Brazil","Game-Show",4
"Brazil","Horror",22
"Brazil","Music",19
"Brazil","Musical",23
"Brazil","Mystery",51
"Brazil","Reality-TV",11
"Brazil","Romance",121
"Brazil","Sci-Fi",17
"Brazil","Short",2
"Brazil","Sport",5
"Brazil","Thriller",58
"Brazil","War",2
"Bulgaria","Action",216
"Bulgaria","Adult",3
"Bulgaria","Adventure",127
"Bulgaria","Animation",50
"Bulgaria","Biography",15
"Bulgaria","Comedy",183
"Bulgaria","Crime",124
"Bulgaria","Documentary",37
"Bulgaria","Drama",323
"Bulgaria","Family",19
"Bulgaria","Fantasy",42
"Bulgaria","Game-Show",14
"Bulgaria","History",2
"Bulgaria","Horror",24
"Bulgaria","Music",4
"Bulgaria","Mystery",45
"Bulgaria","Reality-TV",18
"Bulgaria","Romance",104
"Bulgaria","Sci-Fi",39
"Bulgaria","Short",4
"Bulgaria","Sport",11
"Bulgaria","Thriller",54
"Bulgaria","War",3
"Canada","Action",161
"Canada","Adult",3
"Canada","Adventure",104
"Canada","Animation",56
"Canada","Biography",20
"Canada","Comedy",174
"Canada","Crime",146
"Canada","Documentary",30
"Canada","Drama",284
"Canada","Family",11
"Canada","Fantasy",28
"Canada","Game-Show",16
"Canada","History",4
"Canada","Horror",30
"Canada","Music",7
"Canada","Mystery",67
"Canada","Reality-TV",33
"Canada","Romance",87
"Canada","Sci-Fi",27
"Canada","Short",4
"Canada","Sport",7
"Canada","Thriller",82
"Canada","War",5
"Canada","Western",2
"Chile","Action",132
"Chile","Adult",2
"Chile","Adventure",120
"Chile","Animation",77
"Chile","Biography",7
"Chile","Comedy",201
"Chile","Crime",109
"Chile","Documentary",16
"Chile","Drama",343
"Chile","Family",15
"Chile","Fantasy",22
"Chile","History",2
"Chile","Horror",21
"Chile","Music",37
"Chile","Musical",1
"Chile","Mystery",45
"Chile","Reality-TV",2
"Chile","Romance",123
"Chile","Sci-Fi",14
"Chile","Short",2
"Chile","Sport",6
"Chile","Thriller",55
"Chile","War",3
"Colombia","Action",143
"Colombia","Adult",2
"Colombia","Adventure",109
"Colombia","Animation",64
"Colombia","Biography",8
"Colombia","Comedy",198
"Colombia","Crime",115
"Colombia","Documentary",37
"Colombia","Drama",297
"Colombia","Family",14
"Colombia","Fantasy",26
"Colombia","Horror",22
"Colombia","Music",20
"Colombia","Musical",5
"Colombia","Mystery",49
"Colombia","Reality-TV",3
"Colombia","Romance",111
"Colombia","Sci-Fi",14
"Colombia","Short",2
"Colombia","Sport",5
"Colombia","Thriller",73
"Colombia","War",2
"Costa Rica","Action",123
"Costa Rica","Adult",2
"Costa Rica","Adventure",97
"Costa Rica","Animation",63
"Costa Rica","Biography",8
"Costa Rica","Comedy",204
"Costa Rica","Crime",104
"Costa Rica","Documentary",20
"Costa Rica","Drama",328
"Costa Rica","Family",16
"Costa Rica","Fantasy",21
"Costa Rica","Game-Show",1
"Costa Rica","Horror",24
"Costa Rica","Music",35
"Costa Rica","Musical",1
"Costa Rica","Mystery",44
"Costa Rica","Reality-TV",4
"Costa Rica","Romance",135
"Costa Rica","Sci-Fi",14
"Costa Rica","Short",2
"Costa Rica","Sport",7
"Costa Rica","Thriller",69
"Costa Rica","War",2
"Croatia","Action",165
"Croatia","Adult",3
"Croatia","Adventure",112
"Croatia","Animation",54
"Croatia","Biography",11
"Croatia","Comedy",209
"Croatia","Crime",137
"Croatia","Documentary",38
"Croatia","Drama",305
"Croatia","Family",22
"Croatia","Fantasy",28
"Croatia","Game-Show",15
"Croatia","History",5
"Croatia","Horror",20
"Croatia","Music",9
"Croatia","Musical",1
"Croatia","Mystery",46
"Croatia","Reality-TV",19
"Croatia","Romance",99
"Croatia","Sci-Fi",14
"Croatia","Short",4
"Croatia","Sport",13
"Croatia","Thriller",59
"Croatia","War",4
"Cyprus","Action",192
"Cyprus","Adult",2
"Cyprus","Adventure",133
"Cyprus","Animation",55
"Cyprus","Biography",13
"Cyprus","Comedy",189
"Cyprus","Crime",128
"Cyprus","Documentary",30
"Cyprus","Drama",337
"Cyprus","Family",26
"Cyprus","Fantasy",29
"Cyprus","Game-Show",11
"Cyprus","History",1
"Cyprus","Horror",18
"Cyprus","Music",7
"Cyprus","Mystery",49
"Cyprus","Reality-TV",15
"Cyprus","Romance",93
"Cyprus","Sci-Fi",44
"Cyprus","Short",7
"Cyprus","Sport",9
"Cyprus","Thriller",49
"Cyprus","War",5
"Cyprus","Western",2
"Czech Republic","Action",191
"Czech Republic","Adult",2
"Czech Republic","Adventure",146
"Czech Republic","Animation",86
"Czech Republic","Biography",18
"Czech Republic","Comedy",187
"Czech Republic","Crime",130
"Czech Republic","Documentary",41
"Czech Republic","Drama",305
"Czech Republic","Family",23
"Czech Republic","Fantasy",48
"Czech Republic","Game-Show",19
"Czech Republic","History",3
"Czech Republic","Horror",26
"Czech Republic","Music",4
"Czech Republic","Mystery",50
"Czech Republic","Reality-TV",23
"Czech Republic","Romance",81
"Czech Republic","Sci-Fi",13
"Czech Republic","Short",3
"Czech Republic","Sport",12
"Czech Republic","Thriller",45
"Czech Republic","War",3
"Denmark","Action",184
"Denmark","Adult",2
"Denmark","Adventure",118
"Denmark","Animation",57
"Denmark","Biography",17
"Denmark","Comedy",178
"Denmark","Crime",148
"Denmark","Documentary",32
"Denmark","Drama",328
"Denmark","Family",18
"Denmark","Fantasy",42
"Denmark","Game-Show",15
"Denmark","History",5
"Denmark","Horror",21
"Denmark","Music",5
"Denmark","Musical",1
"Denmark","Mystery",51
"Denmark","Reality-TV",29
"Denmark","Romance",88
"Denmark","Sci-Fi",18
"Denmark","Short",3
"Denmark","Sport",11
"Denmark","Thriller",59
"Denmark","War",9
"Denmark","Western",1
"Dominican Republic","Action",171
"Dominican Republic","Adult",2
"Dominican Republic","Adventure",108
"Dominican Republic","Animation",53
"Dominican Republic","Biography",8
"Dominican Republic","Comedy",157
"Dominican Republic","Crime",117
"Dominican Republic","Documentary",19
"Dominican Republic","Drama",294
"Dominican Republic","Family",14
"Dominican Republic","Fantasy",35
"Dominican Republic","Game-Show",2
"Dominican Republic","Horror",24
"Dominican Republic","Music",34
"Dominican Republic","Musical",1
"Dominican Republic","Mystery",47
"Dominican Republic","Reality-TV",3
"Dominican Republic","Romance",88
"Dominican Republic","Sci-Fi",17
"Dominican Republic","Short",2
"Dominican Republic","Sport",6
"Dominican Republic","Thriller",71
"Dominican Republic","War",2
"Ecuador","Action",147
"Ecuador","Adult",2
"Ecuador","Adventure",120
"Ecuador","Animation",71
"Ecuador","Biography",5
"Ecuador","Comedy",207
"Ecuador","Crime",94
"Ecuador","Documentary",14
"Ecuador","Drama",283
"Ecuador","Family",13
"Ecuador","Fantasy",25
"Ecuador","Horror",23
"Ecuador","Music",33
"Ecuador","Musical",1
"Ecuador","Mystery",39
"Ecuador","Reality-TV",3
"Ecuador","Romance",102
"Ecuador","Sci-Fi",16
"Ecuador","Sport",6
"Ecuador","Thriller",62
"Ecuador","War",2
"Egypt","Action",184
"Egypt","Adult",3
"Egypt","Adventure",104
"Egypt","Animation",55
"Egypt","Biography",17
"Egypt","Comedy",189
"Egypt","Crime",117
"Egypt","Documentary",26
"Egypt","Drama",338
"Egypt","Family",15
"Egypt","Fantasy",34
"Egypt","Game-Show",7
"Egypt","History",5
"Egypt","Horror",27
"Egypt","Music",4
"Egypt","Mystery",41
"Egypt","Reality-TV",9
"Egypt","Romance",87
"Egypt","Sci-Fi",26
"Egypt","Short",19
"Egypt","Sport",4
"Egypt","Thriller",63
"Egypt","War",3
"El Salvador","Action",139
"El Salvador","Adult",2
"El Salvador","Adventure",107
"El Salvador","Animation",65
"El Salvador","Biography",4
"El Salvador","Comedy",193
"El Salvador","Crime",110
"El Salvador","Documentary",12
"El Salvador","Drama",301
"El Salvador","Family",13
"El Salvador","Fantasy",22
"El Salvador","Horror",19
"El Salvador","Music",32
"El Salvador","Mystery",39
"El Salvador","Reality-TV",2
"El Salvador","Romance",110
"El Salvador","Sci-Fi",15
"El Salvador","Sport",7
"El Salvador","Thriller",60
"El Salvador","War",2
"Estonia","Action",181
"Estonia","Adult",3
"Estonia","Adventure",122
"Estonia","Animation",59
"Estonia","Biography",16
"Estonia","Comedy",205
"Estonia","Crime",110
"Estonia","Documentary",32
"Estonia","Drama",274
"Estonia","Family",20
"Estonia","Fantasy",43
"Estonia","Game-Show",14
"Estonia","History",1
"Estonia","Horror",25
"Estonia","Music",4
"Estonia","Musical",1
"Estonia","Mystery",56
"Estonia","Reality-TV",21
"Estonia","Romance",75
"Estonia","Sci-Fi",48
"Estonia","Short",11
"Estonia","Sport",9
"Estonia","Thriller",45
"Estonia","War",3
"Finland","Action",197
"Finland","Adult",3
"Finland","Adventure",112
"Finland","Animation",57
"Finland","Biography",15
"Finland","Comedy",173
"Finland","Crime",154
"Finland","Documentary",30
"Finland","Drama",338
"Finland","Family",18
"Finland","Fantasy",38
"Finland","Game-Show",12
"Finland","History",3
"Finland","Horror",25
"Finland","Music",5
"Finland","Musical",2
"Finland","Mystery",53
"Finland","Reality-TV",19
"Finland","Romance",78
"Finland","Sci-Fi",22
"Finland","Short",4
"Finland","Sport",10
"Finland","Thriller",56
"Finland","War",10
"France","Action",199
"France","Adult",4
"France","Adventure",118
"France","Animation",50
"France","Biography",12
"France","Comedy",153
"France","Crime",147
"France","Documentary",31
"France","Drama",342
"France","Family",13
"France","Fantasy",53
"France","Game-Show",3
"France","History",1
"France","Horror",39
"France","Music",21
"France","Mystery",52
"France","Reality-TV",5
"France","Romance",79
"France","Sci-Fi",36
"France","Short",4
"France","Sport",9
"France","Thriller",70
"France","War",4
"France","Western",1
"Germany","Action",206
"Germany","Adult",2
"Germany","Adventure",153
"Germany","Animation",51
"Germany","Biography",17
"Germany","Comedy",182
"Germany","Crime",151
"Germany","Documentary",25
"Germany","Drama",316
"Germany","Family",50
"Germany","Fantasy",63
"Germany","Game-Show",8
"Germany","History",3
"Germany","Horror",34
"Germany","Music",6
"Germany","Musical",1
"Germany","Mystery",52
"Germany","Reality-TV",10
"Germany","Romance",85
"Germany","Sci-Fi",20
"Germany","Short",5
"Germany","Sport",13
"Germany","Thriller",66
"Germany","War",3
"Greece","Action",183
"Greece","Adult",2
"Greece","Adventure",122
"Greece","Animation",56
"Greece","Biography",14
"Greece","Comedy",176
"Greece","Crime",134
"Greece","Documentary",27
"Greece","Drama",342
"Greece","Family",21
"Greece","Fantasy",45
"Greece","Game-Show",6
"Greece","History",5
"Greece","Horror",23
"Greece","Music",3
"Greece","Mystery",56
"Greece","Reality-TV",7
"Greece","Romance",92
"Greece","Sci-Fi",28
"Greece","Short",5
"Greece","Sport",9
"Greece","Thriller",41
"Greece","War",7
"Greece","Western",2
"Guadeloupe","Action",214
"Guadeloupe","Adult",2
"Guadeloupe","Adventure",119
"Guadeloupe","Animation",50
"Guadeloupe","Biography",9
"Guadeloupe","Comedy",157
"Guadeloupe","Crime",143
"Guadeloupe","Documentary",21
"Guadeloupe","Drama",320
"Guadeloupe","Family",16
"Guadeloupe","Fantasy",47
"Guadeloupe","Game-Show",8
"Guadeloupe","Horror",29
"Guadeloupe","Music",34
"Guadeloupe","Mystery",45
"Guadeloupe","Reality-TV",12
"Guadeloupe","Romance",88
"Guadeloupe","Sci-Fi",26
"Guadeloupe","Short",2
"Guadeloupe","Sport",7
"Guadeloupe","Thriller",69
"Guadeloupe","War",1
"Guatemala","Action",123
"Guatemala","Adult",2
"Guatemala","Adventure",106
"Guatemala","Animation",67
"Guatemala","Biography",6
"Guatemala","Comedy",206
"Guatemala","Crime",101
"Guatemala","Documentary",15
"Guatemala","Drama",303
"Guatemala","Family",14
"Guatemala","Fantasy",22
"Guatemala","Horror",20
"Guatemala","Music",33
"Guatemala","Musical",1
"Guatemala","Mystery",44
"Guatemala","Reality-TV",2
"Guatemala","Romance",118
"Guatemala","Sci-Fi",15
"Guatemala","Short",1
"Guatemala","Sport",5
"Guatemala","Thriller",57
"Guatemala","War",2
"Honduras","Action",135
"Honduras","Adult",2
"Honduras","Adventure",91
"Honduras","Animation",48
"Honduras","Biography",4
"Honduras","Comedy",197
"Honduras","Crime",113
"Honduras","Documentary",15
"Honduras","Drama",318
"Honduras","Family",14
"Honduras","Fantasy",25
"Honduras","Horror",20
"Honduras","Music",34
"Honduras","Musical",1
"Honduras","Mystery",45
"Honduras","Reality-TV",3
"Honduras","Romance",127
"Honduras","Sci-Fi",13
"Honduras","Short",1
"Honduras","Sport",6
"Honduras","Thriller",65
"Honduras","War",2
"Hong Kong","Action",237
"Hong Kong","Adult",2
"Hong Kong","Adventure",105
"Hong Kong","Animation",32
"Hong Kong","Biography",18
"Hong Kong","Comedy",151
"Hong Kong","Crime",115
"Hong Kong","Documentary",22
"Hong Kong","Drama",346
"Hong Kong","Family",5
"Hong Kong","Fantasy",39
"Hong Kong","Game-Show",5
"Hong Kong","History",6
"Hong Kong","Horror",36
"Hong Kong","Music",4
"Hong Kong","Mystery",73
"Hong Kong","News",1
"Hong Kong","Reality-TV",8
"Hong Kong","Romance",117
"Hong Kong","Sci-Fi",58
"Hong Kong","Short",2
"Hong Kong","Sport",11
"Hong Kong","Thriller",69
"Hong Kong","War",5
"Hungary","Action",185
"Hungary","Adult",3
"Hungary","Adventure",120
"Hungary","Animation",70
"Hungary","Biography",13
"Hungary","Comedy",197
"Hungary","Crime",150
"Hungary","Documentary",36
"Hungary","Drama",319
"Hungary","Family",28
"Hungary","Fantasy",46
"Hungary","Game-Show",14
"Hungary","History",3
"Hungary","Horror",27
"Hungary","Music",6
"Hungary","Musical",1
"Hungary","Mystery",51
"Hungary","Reality-TV",14
"Hungary","Romance",106
"Hungary","Sci-Fi",12
"Hungary","Short",4
"Hungary","Sport",11
"Hungary","Thriller",54
"Hungary","War",3
"Iceland","Action",177
"Iceland","Adult",2
"Iceland","Adventure",123
"Iceland","Animation",53
"Iceland","Biography",18
"Iceland","Comedy",187
"Iceland","Crime",131
"Iceland","Documentary",38
"Iceland","Drama",305
"Iceland","Family",19
"Iceland","Fantasy",28
"Iceland","Game-Show",17
"Iceland","History",5
"Iceland","Horror",16
"Iceland","Music",7
"Iceland","Mystery",47
"Iceland","Reality-TV",36
"Iceland","Romance",85
"Iceland","Sci-Fi",32
"Iceland","Short",4
"Iceland","Sport",10
"Iceland","Thriller",48
"Iceland","War",6
"India","Action",252
"India","Adult",1
"India","Adventure",65
"India","Animation",22
"India","Biography",5
"India","Comedy",191
"India","Crime",215
"India","Documentary",22
"India","Drama",393
"India","Family",10
"India","Fantasy",41
"India","Game-Show",4
"India","Horror",25
"India","Music",1
"India","Musical",2
"India","Mystery",81
"India","Reality-TV",4
"India","Romance",79
"India","Sci-Fi",11
"India","Short",11
"India","Sport",4
"India","Thriller",71
"India","War",1
"Indonesia","Action",214
"Indonesia","Adult",2
"Indonesia","Adventure",85
"Indonesia","Animation",21
"Indonesia","Biography",15
"Indonesia","Comedy",185
"Indonesia","Crime",140
"Indonesia","Documentary",16
"Indonesia","Drama",325
"Indonesia","Family",14
"Indonesia","Fantasy",38
"Indonesia","History",8
"Indonesia","Horror",37
"Indonesia","Music",4
"Indonesia","Mystery",75
"Indonesia","Reality-TV",6
"Indonesia","Romance",101
"Indonesia","Sci-Fi",38
"Indonesia","Short",1
"Indonesia","Sport",5
"Indonesia","Thriller",78
"Indonesia","War",3
"Ireland","Action",133
"Ireland","Adult",2
"Ireland","Adventure",127
"Ireland","Animation",65
"Ireland","Biography",33
"Ireland","Comedy",210
"Ireland","Crime",126
"Ireland","Documentary",36
"Ireland","Drama",293
"Ireland","Family",27
"Ireland","Fantasy",25
"Ireland","Film-Noir",1
"Ireland","Game-Show",10
"Ireland","History",4
"Ireland","Horror",21
"Ireland","Music",6
"Ireland","Musical",2
"Ireland","Mystery",37
"Ireland","Reality-TV",25
"Ireland","Romance",87
"Ireland","Sci-Fi",27
"Ireland","Short",2
"Ireland","Sport",12
"Ireland","Thriller",47
"Ireland","War",11
"Ireland","Western",2
"Israel","Action",181
"Israel","Adult",3
"Israel","Adventure",116
"Israel","Animation",57
"Israel","Biography",11
"Israel","Comedy",179
"Israel","Crime",124
"Israel","Documentary",34
"Israel","Drama",342
"Israel","Family",16
"Israel","Fantasy",21
"Israel","Game-Show",14
"Israel","History",3
"Israel","Horror",11
"Israel","Music",5
"Israel","Musical",1
"Israel","Mystery",39
"Israel","Reality-TV",19
"Israel","Romance",86
"Israel","Sci-Fi",34
"Israel","Short",4
"Israel","Sport",13
"Israel","Thriller",66
"Israel","War",5
"Israel","Western",1
"Italy","Action",172
"Italy","Adult",2
"Italy","Adventure",84
"Italy","Animation",26
"Italy","Biography",16
"Italy","Comedy",174
"Italy","Crime",155
"Italy","Documentary",25
"Italy","Drama",379
"Italy","Family",19
"Italy","Fantasy",41
"Italy","Game-Show",5
"Italy","History",2
"Italy","Horror",31
"Italy","Music",11
"Italy","Mystery",68
"Italy","Reality-TV",7
"Italy","Romance",101
"Italy","Sci-Fi",32
"Italy","Short",3
"Italy","Sport",13
"Italy","Thriller",49
"Italy","War",3
"Italy","Western",2
"Jamaica","Action",212
"Jamaica","Adult",3
"Jamaica","Adventure",117
"Jamaica","Animation",80
"Jamaica","Biography",12
"Jamaica","Comedy",178
"Jamaica","Crime",135
"Jamaica","Documentary",23
"Jamaica","Drama",299
"Jamaica","Family",33
"Jamaica","Fantasy",48
"Jamaica","Game-Show",9
"Jamaica","Horror",26
"Jamaica","Music",6
"Jamaica","Mystery",45
"Jamaica","Reality-TV",13
"Jamaica","Romance",90
"Jamaica","Sci-Fi",21
"Jamaica","Short",2
"Jamaica","Sport",6
"Jamaica","Thriller",93
"Jamaica","War",2
"Jamaica","Western",1
"Japan","Action",232
"Japan","Adult",1
"Japan","Adventure",149
"Japan","Animation",97
"Japan","Biography",20
"Japan","Comedy",167
"Japan","Crime",89
"Japan","Documentary",8
"Japan","Drama",284
"Japan","Family",15
"Japan","Fantasy",31
"Japan","Film-Noir",2
"Japan","History",8
"Japan","Horror",39
"Japan","Music",5
"Japan","Musical",3
"Japan","Mystery",42
"Japan","Romance",169
"Japan","Sci-Fi",26
"Japan","Sport",4
"Japan","Thriller",69
"Japan","War",3
"Jordan","Action",198
"Jordan","Adult",3
"Jordan","Adventure",96
"Jordan","Animation",117
"Jordan","Biography",17
"Jordan","Comedy",240
"Jordan","Crime",128
"Jordan","Documentary",21
"Jordan","Drama",310
"Jordan","Family",14
"Jordan","Fantasy",33
"Jordan","Game-Show",7
"Jordan","History",2
"Jordan","Horror",21
"Jordan","Music",4
"Jordan","Musical",1
"Jordan","Mystery",39
"Jordan","Reality-TV",9
"Jordan","Romance",80
"Jordan","Sci-Fi",24
"Jordan","Short",84
"Jordan","Sport",7
"Jordan","Thriller",56
"Jordan","War",3
"Kenya","Action",195
"Kenya","Adult",3
"Kenya","Adventure",89
"Kenya","Animation",32
"Kenya","Biography",13
"Kenya","Comedy",188
"Kenya","Crime",126
"Kenya","Documentary",29
"Kenya","Drama",335
"Kenya","Family",15
"Kenya","Fantasy",32
"Kenya","Game-Show",16
"Kenya","History",3
"Kenya","Horror",18
"Kenya","Music",7
"Kenya","Mystery",52
"Kenya","Reality-TV",25
"Kenya","Romance",113
"Kenya","Sci-Fi",32
"Kenya","Short",2
"Kenya","Sport",7
"Kenya","Thriller",70
"Kenya","War",2
"Kuwait","Action",216
"Kuwait","Adult",3
"Kuwait","Adventure",125
"Kuwait","Animation",62
"Kuwait","Biography",18
"Kuwait","Comedy",166
"Kuwait","Crime",128
"Kuwait","Documentary",24
"Kuwait","Drama",331
"Kuwait","Family",27
"Kuwait","Fantasy",43
"Kuwait","Game-Show",9
"Kuwait","History",3
"Kuwait","Horror",30
"Kuwait","Music",3
"Kuwait","Musical",1
"Kuwait","Mystery",51
"Kuwait","Reality-TV",12
"Kuwait","Romance",74
"Kuwait","Sci-Fi",22
"Kuwait","Short",7
"Kuwait","Sport",6
"Kuwait","Thriller",71
"Kuwait","War",3
"Latvia","Action",160
"Latvia","Adult",2
"Latvia","Adventure",136
"Latvia","Animation",87
"Latvia","Biography",12
"Latvia","Comedy",232
"Latvia","Crime",107
"Latvia","Documentary",30
"Latvia","Drama",287
"Latvia","Family",18
"Latvia","Fantasy",27
"Latvia","Game-Show",14
"Latvia","History",2
"Latvia","Horror",20
"Latvia","Music",3
"Latvia","Mystery",59
"Latvia","Reality-TV",17
"Latvia","Romance",85
"Latvia","Sci-Fi",39
"Latvia","Short",8
"Latvia","Sport",11
"Latvia","Thriller",43
"Latvia","War",3
"Lebanon","Action",194
"Lebanon","Adult",4
"Lebanon","Adventure",102
"Lebanon","Animation",33
"Lebanon","Biography",17
"Lebanon","Comedy",189
"Lebanon","Crime",141
"Lebanon","Documentary",28
"Lebanon","Drama",379
"Lebanon","Family",18
"Lebanon","Fantasy",47
"Lebanon","Game-Show",11
"Lebanon","History",1
"Lebanon","Horror",18
"Lebanon","Music",6
"Lebanon","Musical",1
"Lebanon","Mystery",35
"Lebanon","Reality-TV",13
"Lebanon","Romance",113
"Lebanon","Sci-Fi",23
"Lebanon","Short",9
"Lebanon","Sport",7
"Lebanon","Thriller",63
"Lebanon","War",3
"Lithuania","Action",135
"Lithuania","Adult",2
"Lithuania","Adventure",95
"Lithuania","Animation",61
"Lithuania","Biography",14
"Lithuania","Comedy",216
"Lithuania","Crime",112
"Lithuania","Documentary",34
"Lithuania","Drama",282
"Lithuania","Family",19
"Lithuania","Fantasy",32
"Lithuania","Game-Show",14
"Lithuania","History",3
"Lithuania","Horror",23
"Lithuania","Music",5
"Lithuania","Mystery",46
"Lithuania","Reality-TV",15
"Lithuania","Romance",89
"Lithuania","Sci-Fi",20
"Lithuania","Short",12
"Lithuania","Sport",10
"Lithuania","Thriller",47
"Lithuania","War",5
"Luxembourg","Action",169
"Luxembourg","Adult",2
"Luxembourg","Adventure",124
"Luxembourg","Animation",55
"Luxembourg","Biography",13
"Luxembourg","Comedy",179
"Luxembourg","Crime",137
"Luxembourg","Documentary",32
"Luxembourg","Drama",344
"Luxembourg","Family",34
"Luxembourg","Fantasy",45
"Luxembourg","Game-Show",10
"Luxembourg","History",1
"Luxembourg","Horror",25
"Luxembourg","Music",24
"Luxembourg","Mystery",49
"Luxembourg","Reality-TV",14
"Luxembourg","Romance",107
"Luxembourg","Sci-Fi",17
"Luxembourg","Short",2
"Luxembourg","Sport",14
"Luxembourg","Thriller",52
"Luxembourg","War",3
"Malaysia","Action",240
"Malaysia","Adult",2
"Malaysia","Adventure",110
"Malaysia","Animation",42
"Malaysia","Biography",7
"Malaysia","Comedy",196
"Malaysia","Crime",143
"Malaysia","Documentary",13
"Malaysia","Drama",310
"Malaysia","Family",14
"Malaysia","Fantasy",39
"Malaysia","Game-Show",1
"Malaysia","History",6
"Malaysia","Horror",33
"Malaysia","Music",2
"Malaysia","Mystery",74
"Malaysia","Reality-TV",3
"Malaysia","Romance",99
"Malaysia","Sci-Fi",30
"Malaysia","Short",1
"Malaysia","Sport",8
"Malaysia","Thriller",72
"Malaysia","War",2
"Maldives","Action",192
"Maldives","Adult",2
"Maldives","Adventure",95
"Maldives","Animation",49
"Maldives","Biography",11
"Maldives","Comedy",191
"Maldives","Crime",153
"Maldives","Documentary",27
"Maldives","Drama",330
"Maldives","Family",17
"Maldives","Fantasy",32
"Maldives","Game-Show",9
"Maldives","Horror",21
"Maldives","Music",2
"Maldives","Mystery",75
"Maldives","Reality-TV",11
"Maldives","Romance",102
"Maldives","Sci-Fi",27
"Maldives","Short",4
"Maldives","Sport",3
"Maldives","Thriller",64
"Maldives","War",2
"Malta","Action",171
"Malta","Adult",2
"Malta","Adventure",89
"Malta","Animation",26
"Malta","Biography",18
"Malta","Comedy",162
"Malta","Crime",147
"Malta","Documentary",36
"Malta","Drama",341
"Malta","Family",17
"Malta","Fantasy",26
"Malta","Game-Show",10
"Malta","History",4
"Malta","Horror",20
"Malta","Music",21
"Malta","Mystery",57
"Malta","Reality-TV",15
"Malta","Romance",109
"Malta","Sci-Fi",37
"Malta","Short",4
"Malta","Sport",10
"Malta","Thriller",62
"Malta","War",6
"Martinique","Action",211
"Martinique","Adult",2
"Martinique","Adventure",119
"Martinique","Animation",52
"Martinique","Biography",8
"Martinique","Comedy",165
"Martinique","Crime",140
"Martinique","Documentary",20
"Martinique","Drama",331
"Martinique","Family",17
"Martinique","Fantasy",40
"Martinique","Game-Show",8
"Martinique","Horror",26
"Martinique","Music",37
"Martinique","Mystery",45
"Martinique","Reality-TV",13
"Martinique","Romance",93
"Martinique","Sci-Fi",24
"Martinique","Short",2
"Martinique","Sport",7
"Martinique","Thriller",70
"Mauritius","Action",203
"Mauritius","Adult",2
"Mauritius","Adventure",99
"Mauritius","Animation",38
"Mauritius","Biography",9
"Mauritius","Comedy",202
"Mauritius","Crime",143
"Mauritius","Documentary",25
"Mauritius","Drama",336
"Mauritius","Family",18
"Mauritius","Fantasy",43
"Mauritius","Game-Show",10
"Mauritius","Horror",27
"Mauritius","Music",5
"Mauritius","Mystery",64
"Mauritius","Reality-TV",16
"Mauritius","Romance",109
"Mauritius","Sci-Fi",34
"Mauritius","Short",3
"Mauritius","Sport",6
"Mauritius","Thriller",63
"Mauritius","War",1
"Mexico","Action",124
"Mexico","Adult",2
"Mexico","Adventure",130
"Mexico","Animation",88
"Mexico","Biography",9
"Mexico","Comedy",222
"Mexico","Crime",108
"Mexico","Documentary",15
"Mexico","Drama",334
"Mexico","Family",14
"Mexico","Fantasy",30
"Mexico","History",2
"Mexico","Horror",24
"Mexico","Music",21
"Mexico","Musical",5
"Mexico","Mystery",46
"Mexico","Reality-TV",2
"Mexico","Romance",110
"Mexico","Sci-Fi",19
"Mexico","Short",1
"Mexico","Sport",5
"Mexico","Thriller",57
"Mexico","War",2
"Morocco","Action",250
"Morocco","Adult",3
"Morocco","Adventure",98
"Morocco","Animation",34
"Morocco","Biography",8
"Morocco","Comedy",171
"Morocco","Crime",196
"Morocco","Documentary",30
"Morocco","Drama",370
"Morocco","Family",14
"Morocco","Fantasy",24
"Morocco","Game-Show",7
"Morocco","History",6
"Morocco","Horror",21
"Morocco","Music",8
"Morocco","Mystery",57
"Morocco","Reality-TV",11
"Morocco","Romance",82
"Morocco","Sci-Fi",24
"Morocco","Short",2
"Morocco","Sport",7
"Morocco","Thriller",77
"Morocco","War",3
"Netherlands","Action",147
"Netherlands","Adult",3
"Netherlands","Adventure",110
"Netherlands","Animation",51
"Netherlands","Biography",22
"Netherlands","Comedy",151
"Netherlands","Crime",156
"Netherlands","Documentary",37
"Netherlands","Drama",345
"Netherlands","Family",23
"Netherlands","Fantasy",39
"Netherlands","Game-Show",9
"Netherlands","History",4
"Netherlands","Horror",23
"Netherlands","Music",2
"Netherlands","Musical",3
"Netherlands","Mystery",55
"Netherlands","Reality-TV",18
"Netherlands","Romance",92
"Netherlands","Sci-Fi",29
"Netherlands","Short",4
"Netherlands","Sport",11
"Netherlands","Thriller",51
"Netherlands","War",8
"New Caledonia","Action",255
"New Caledonia","Adult",2
"New Caledonia","Adventure",153
"New Caledonia","Animation",68
"New Caledonia","Biography",12
"New Caledonia","Comedy",146
"New Caledonia","Crime",138
"New Caledonia","Documentary",22
"New Caledonia","Drama",310
"New Caledonia","Family",19
"New Caledonia","Fantasy",51
"New Caledonia","Game-Show",2
"New Caledonia","History",1
"New Caledonia","Horror",28
"New Caledonia","Music",13
"New Caledonia","Mystery",39
"New Caledonia","Reality-TV",6
"New Caledonia","Romance",61
"New Caledonia","Sci-Fi",31
"New Caledonia","Short",2
"New Caledonia","Sport",6
"New Caledonia","Thriller",64
"New Caledonia","War",3
"New Caledonia","Western",1
"New Zealand","Action",188
"New Zealand","Adult",4
"New Zealand","Adventure",126
"New Zealand","Animation",71
"New Zealand","Biography",25
"New Zealand","Comedy",165
"New Zealand","Crime",134
"New Zealand","Documentary",35
"New Zealand","Drama",290
"New Zealand","Family",14
"New Zealand","Fantasy",26
"New Zealand","Game-Show",10
"New Zealand","History",7
"New Zealand","Horror",29
"New Zealand","Music",4
"New Zealand","Mystery",58
"New Zealand","Reality-TV",28
"New Zealand","Romance",67
"New Zealand","Sci-Fi",31
"New Zealand","Short",4
"New Zealand","Sport",10
"New Zealand","Thriller",66
"New Zealand","War",7
"New Zealand","Western",7
"Nicaragua","Action",137
"Nicaragua","Adult",2
"Nicaragua","Adventure",84
"Nicaragua","Animation",44
"Nicaragua","Biography",3
"Nicaragua","Comedy",191
"Nicaragua","Crime",109
"Nicaragua","Documentary",15
"Nicaragua","Drama",318
"Nicaragua","Family",12
"Nicaragua","Fantasy",23
"Nicaragua","Horror",23
"Nicaragua","Music",33
"Nicaragua","Musical",1
"Nicaragua","Mystery",46
"Nicaragua","Reality-TV",3
"Nicaragua","Romance",124
"Nicaragua","Sci-Fi",12
"Nicaragua","Short",1
"Nicaragua","Sport",6
"Nicaragua","Thriller",68
"Nicaragua","War",2
"Nigeria","Action",179
"Nigeria","Adult",4
"Nigeria","Adventure",58
"Nigeria","Animation",17
"Nigeria","Biography",16
"Nigeria","Comedy",141
"Nigeria","Crime",130
"Nigeria","Documentary",26
"Nigeria","Drama",360
"Nigeria","Family",11
"Nigeria","Fantasy",33
"Nigeria","Game-Show",10
"Nigeria","History",8
"Nigeria","Horror",16
"Nigeria","Music",4
"Nigeria","Mystery",65
"Nigeria","Reality-TV",10
"Nigeria","Romance",121
"Nigeria","Sci-Fi",36
"Nigeria","Short",1
"Nigeria","Sport",5
"Nigeria","Thriller",57
"Nigeria","War",2
"Norway","Action",177
"Norway","Adult",3
"Norway","Adventure",113
"Norway","Animation",51
"Norway","Biography",20
"Norway","Comedy",167
"Norway","Crime",146
"Norway","Documentary",38
"Norway","Drama",356
"Norway","Family",21
"Norway","Fantasy",43
"Norway","Game-Show",12
"Norway","History",10
"Norway","Horror",20
"Norway","Music",7
"Norway","Mystery",46
"Norway","Reality-TV",25
"Norway","Romance",92
"Norway","Sci-Fi",19
"Norway","Short",3
"Norway","Sport",11
"Norway","Thriller",52
"Norway","War",9
"Norway","Western",1
"Oman","Action",193
"Oman","Adult",3
"Oman","Adventure",96
"Oman","Animation",26
"Oman","Biography",11
"Oman","Comedy",123
"Oman","Crime",129
"Oman","Documentary",13
"Oman","Drama",296
"Oman","Family",15
"Oman","Fantasy",37
"Oman","Game-Show",2
"Oman","Horror",26
"Oman","Music",1
"Oman","Musical",1
"Oman","Mystery",49
"Oman","Reality-TV",4
"Oman","Romance",54
"Oman","Sci-Fi",18
"Oman","Short",2
"Oman","Sport",4
"Oman","Thriller",66
"Oman","War",3
"Pakistan","Action",291
"Pakistan","Adult",2
"Pakistan","Adventure",92
"Pakistan","Animation",27
"Pakistan","Biography",6
"Pakistan","Comedy",157
"Pakistan","Crime",233
"Pakistan","Documentary",20
"Pakistan","Drama",388
"Pakistan","Family",14
"Pakistan","Fantasy",28
"Pakistan","Game-Show",2
"Pakistan","Horror",31
"Pakistan","Music",1
"Pakistan","Musical",2
"Pakistan","Mystery",92
"Pakistan","Reality-TV",2
"Pakistan","Romance",54
"Pakistan","Sci-Fi",34
"Pakistan","Short",3
"Pakistan","Sport",3
"Pakistan","Thriller",83
"Pakistan","War",2
"Panama","Action",146
"Panama","Adult",2
"Panama","Adventure",107
"Panama","Animation",64
"Panama","Biography",10
"Panama","Comedy",195
"Panama","Crime",122
"Panama","Documentary",18
"Panama","Drama",332
"Panama","Family",15
"Panama","Fantasy",27
"Panama","Game-Show",3
"Panama","History",1
"Panama","Horror",24
"Panama","Music",23
"Panama","Musical",3
"Panama","Mystery",42
"Panama","Reality-TV",5
"Panama","Romance",126
"Panama","Sci-Fi",13
"Panama","Short",2
"Panama","Sport",5
"Panama","Thriller",70
"Panama","War",2
"Paraguay","Action",139
"Paraguay","Adult",2
"Paraguay","Adventure",100
"Paraguay","Animation",55
"Paraguay","Biography",8
"Paraguay","Comedy",203
"Paraguay","Crime",118
"Paraguay","Documentary",21
"Paraguay","Drama",337
"Paraguay","Family",13
"Paraguay","Fantasy",21
"Paraguay","Game-Show",1
"Paraguay","History",1
"Paraguay","Horror",21
"Paraguay","Music",33
"Paraguay","Musical",1
"Paraguay","Mystery",53
"Paraguay","Reality-TV",4
"Paraguay","Romance",120
"Paraguay","Sci-Fi",13
"Paraguay","Sport",7
"Paraguay","Thriller",72
"Paraguay","War",2
"Peru","Action",160
"Peru","Adult",2
"Peru","Adventure",119
"Peru","Animation",68
"Peru","Biography",5
"Peru","Comedy",191
"Peru","Crime",112
"Peru","Documentary",14
"Peru","Drama",307
"Peru","Family",11
"Peru","Fantasy",27
"Peru","History",2
"Peru","Horror",24
"Peru","Music",21
"Peru","Musical",1
"Peru","Mystery",45
"Peru","Reality-TV",3
"Peru","Romance",107
"Peru","Sci-Fi",21
"Peru","Short",1
"Peru","Sport",6
"Peru","Thriller",63
"Peru","War",2
"Philippines","Action",197
"Philippines","Adult",2
"Philippines","Adventure",94
"Philippines","Animation",35
"Philippines","Biography",14
"Philippines","Comedy",172
"Philippines","Crime",129
"Philippines","Documentary",24
"Philippines","Drama",325
"Philippines","Family",31
"Philippines","Fantasy",38
"Philippines","History",6
"Philippines","Horror",34
"Philippines","Music",3
"Philippines","Musical",2
"Philippines","Mystery",62
"Philippines","Reality-TV",1
"Philippines","Romance",109
"Philippines","Sci-Fi",45
"Philippines","Short",1
"Philippines","Sport",3
"Philippines","Thriller",65
"Philippines","War",3
"Poland","Action",154
"Poland","Adult",2
"Poland","Adventure",169
"Poland","Animation",106
"Poland","Biography",12
"Poland","Comedy",211
"Poland","Crime",146
"Poland","Documentary",26
"Poland","Drama",317
"Poland","Family",18
"Poland","Fantasy",39
"Poland","Game-Show",6
"Poland","History",3
"Poland","Horror",30
"Poland","Music",4
"Poland","Mystery",51
"Poland","Reality-TV",8
"Poland","Romance",83
"Poland","Sci-Fi",22
"Poland","Short",3
"Poland","Sport",11
"Poland","Thriller",67
"Poland","War",3
"Portugal","Action",161
"Portugal","Adult",3
"Portugal","Adventure",123
"Portugal","Animation",37
"Portugal","Biography",9
"Portugal","Comedy",188
"Portugal","Crime",113
"Portugal","Documentary",27
"Portugal","Drama",341
"Portugal","Family",40
"Portugal","Fantasy",28
"Portugal","Game-Show",12
"Portugal","History",3
"Portugal","Horror",17
"Portugal","Music",41
"Portugal","Musical",22
"Portugal","Mystery",37
"Portugal","Reality-TV",17
"Portugal","Romance",103
"Portugal","Sci-Fi",19
"Portugal","Short",3
"Portugal","Sport",12
"Portugal","Thriller",58
"Portugal","War",5
"Qatar","Action",206
"Qatar","Adult",2
"Qatar","Adventure",112
"Qatar","Animation",33
"Qatar","Biography",21
"Qatar","Comedy",151
"Qatar","Crime",134
"Qatar","Documentary",27
"Qatar","Drama",354
"Qatar","Family",15
"Qatar","Fantasy",44
"Qatar","Game-Show",13
"Qatar","History",6
"Qatar","Horror",23
"Qatar","Music",2
"Qatar","Musical",1
"Qatar","Mystery",50
"Qatar","Reality-TV",18
"Qatar","Romance",109
"Qatar","Sci-Fi",22
"Qatar","Short",3
"Qatar","Sport",9
"Qatar","Thriller",67
"Qatar","War",3
"Romania","Action",173
"Romania","Adult",3
"Romania","Adventure",101
"Romania","Animation",28
"Romania","Biography",15
"Romania","Comedy",157
"Romania","Crime",149
"Romania","Documentary",32
"Romania","Drama",366
"Romania","Family",21
"Romania","Fantasy",43
"Romania","Game-Show",11
"Romania","History",6
"Romania","Horror",21
"Romania","Music",7
"Romania","Musical",1
"Romania","Mystery",69
"Romania","Reality-TV",16
"Romania","Romance",110
"Romania","Sci-Fi",17
"Romania","Short",3
"Romania","Sport",10
"Romania","Thriller",73
"Romania","War",4
"Russia","Action",262
"Russia","Adult",3
"Russia","Adventure",122
"Russia","Animation",61
"Russia","Biography",13
"Russia","Comedy",174
"Russia","Crime",212
"Russia","Documentary",29
"Russia","Drama",354
"Russia","Family",24
"Russia","Fantasy",34
"Russia","History",2
"Russia","Horror",29
"Russia","Music",6
"Russia","Musical",2
"Russia","Mystery",49
"Russia","Romance",55
"Russia","Sci-Fi",22
"Russia","Short",4
"Russia","Sport",8
"Russia","Thriller",65
"Russia","War",2
"Réunion","Action",205
"Réunion","Adult",2
"Réunion","Adventure",122
"Réunion","Animation",64
"Réunion","Biography",9
"Réunion","Comedy",173
"Réunion","Crime",120
"Réunion","Documentary",22
"Réunion","Drama",338
"Réunion","Family",24
"Réunion","Fantasy",51
"Réunion","Game-Show",4
"Réunion","Horror",36
"Réunion","Music",37
"Réunion","Mystery",47
"Réunion","Reality-TV",7
"Réunion","Romance",86
"Réunion","Sci-Fi",29
"Réunion","Short",4
"Réunion","Sport",8
"Réunion","Thriller",62
"Réunion","War",1
"Saudi Arabia","Action",228
"Saudi Arabia","Adult",3
"Saudi Arabia","Adventure",99
"Saudi Arabia","Animation",44
"Saudi Arabia","Biography",16
"Saudi Arabia","Comedy",153
"Saudi Arabia","Crime",164
"Saudi Arabia","Documentary",18
"Saudi Arabia","Drama",357
"Saudi Arabia","Family",21
"Saudi Arabia","Fantasy",32
"Saudi Arabia","Game-Show",4
"Saudi Arabia","History",1
"Saudi Arabia","Horror",31
"Saudi Arabia","Music",5
"Saudi Arabia","Musical",1
"Saudi Arabia","Mystery",51
"Saudi Arabia","Reality-TV",7
"Saudi Arabia","Romance",75
"Saudi Arabia","Sci-Fi",22
"Saudi Arabia","Short",1
"Saudi Arabia","Sport",6
"Saudi Arabia","Thriller",76
"Saudi Arabia","War",3
"Saudi Arabia","Western",1
"Serbia","Action",200
"Serbia","Adult",3
"Serbia","Adventure",109
"Serbia","Animation",40
"Serbia","Biography",10
"Serbia","Comedy",190
"Serbia","Crime",154
"Serbia","Documentary",32
"Serbia","Drama",332
"Serbia","Family",19
"Serbia","Fantasy",30
"Serbia","Game-Show",10
"Serbia","History",7
"Serbia","Horror",22
"Serbia","Music",10
"Serbia","Musical",1
"Serbia","Mystery",45
"Serbia","Reality-TV",13
"Serbia","Romance",99
"Serbia","Sci-Fi",21
"Serbia","Short",4
"Serbia","Sport",12
"Serbia","Thriller",70
"Serbia","War",3
"Serbia","Western",4
"Singapore","Action",211
"Singapore","Adult",2
"Singapore","Adventure",92
"Singapore","Animation",30
"Singapore","Biography",12
"Singapore","Comedy",159
"Singapore","Crime",133
"Singapore","Documentary",24
"Singapore","Drama",330
"Singapore","Family",13
"Singapore","Fantasy",31
"Singapore","Game-Show",8
"Singapore","History",5
"Singapore","Horror",30
"Singapore","Music",2
"Singapore","Mystery",75
"Singapore","Reality-TV",20
"Singapore","Romance",92
"Singapore","Sci-Fi",45
"Singapore","Short",2
"Singapore","Sport",10
"Singapore","Thriller",70
"Singapore","War",3
"Slovakia","Action",185
"Slovakia","Adult",3
"Slovakia","Adventure",135
"Slovakia","Animation",73
"Slovakia","Biography",24
"Slovakia","Comedy",195
"Slovakia","Crime",137
"Slovakia","Documentary",51
"Slovakia","Drama",314
"Slovakia","Family",26
"Slovakia","Fantasy",36
"Slovakia","Game-Show",17
"Slovakia","History",3
"Slovakia","Horror",24
"Slovakia","Music",11
"Slovakia","Musical",1
"Slovakia","Mystery",44
"Slovakia","Reality-TV",21
"Slovakia","Romance",87
"Slovakia","Sci-Fi",12
"Slovakia","Short",3
"Slovakia","Sport",14
"Slovakia","Thriller",49
"Slovakia","War",3
"Slovenia","Action",179
"Slovenia","Adult",3
"Slovenia","Adventure",115
"Slovenia","Animation",42
"Slovenia","Biography",13
"Slovenia","Comedy",191
"Slovenia","Crime",114
"Slovenia","Documentary",39
"Slovenia","Drama",278
"Slovenia","Family",21
"Slovenia","Fantasy",35
"Slovenia","Game-Show",16
"Slovenia","History",6
"Slovenia","Horror",24
"Slovenia","Music",11
"Slovenia","Mystery",38
"Slovenia","Reality-TV",20
"Slovenia","Romance",87
"Slovenia","Sci-Fi",28
"Slovenia","Short",4
"Slovenia","Sport",13
"Slovenia","Thriller",50
"Slovenia","War",3
"Slovenia","Western",2
"South Africa","Action",179
"South Africa","Adult",2
"South Africa","Adventure",99
"South Africa","Animation",49
"South Africa","Biography",13
"South Africa","Comedy",189
"South Africa","Crime",110
"South Africa","Documentary",31
"South Africa","Drama",338
"South Africa","Family",19
"South Africa","Fantasy",34
"South Africa","Game-Show",15
"South Africa","History",3
"South Africa","Horror",18
"South Africa","Music",4
"South Africa","Mystery",61
"South Africa","Reality-TV",26
"South Africa","Romance",111
"South Africa","Sci-Fi",46
"South Africa","Short",2
"South Africa","Sport",9
"South Africa","Thriller",54
"South Africa","War",3
"South Africa","Western",1
"South Korea","Action",182
"South Korea","Adult",6
"South Korea","Adventure",68
"South Korea","Animation",21
"South Korea","Biography",5
"South Korea","Comedy",158
"South Korea","Crime",83
"South Korea","Documentary",4
"South Korea","Drama",314
"South Korea","Family",10
"South Korea","Fantasy",44
"South Korea","Film-Noir",1
"South Korea","Game-Show",3
"South Korea","History",6
"South Korea","Horror",28
"South Korea","Music",3
"South Korea","Mystery",46
"South Korea","Reality-TV",8
"South Korea","Romance",107
"South Korea","Sci-Fi",27
"South Korea","Sport",7
"South Korea","Talk-Show",2
"South Korea","Thriller",87
"South Korea","War",4
"Spain","Action",165
"Spain","Adult",3
"Spain","Adventure",98
"Spain","Animation",31
"Spain","Biography",10
"Spain","Comedy",167
"Spain","Crime",141
"Spain","Documentary",27
"Spain","Drama",336
"Spain","Family",20
"Spain","Fantasy",35
"Spain","Game-Show",4
"Spain","History",5
"Spain","Horror",30
"Spain","Music",25
"Spain","Mystery",50
"Spain","Reality-TV",10
"Spain","Romance",105
"Spain","Sci-Fi",24
"Spain","Short",5
"Spain","Sport",12
"Spain","Talk-Show",2
"Spain","Thriller",56
"Spain","War",3
"Sri Lanka","Action",182
"Sri Lanka","Adult",2
"Sri Lanka","Adventure",67
"Sri Lanka","Animation",26
"Sri Lanka","Biography",9
"Sri Lanka","Comedy",180
"Sri Lanka","Crime",138
"Sri Lanka","Documentary",27
"Sri Lanka","Drama",368
"Sri Lanka","Family",20
"Sri Lanka","Fantasy",31
"Sri Lanka","Game-Show",7
"Sri Lanka","Horror",20
"Sri Lanka","Music",1
"Sri Lanka","Mystery",78
"Sri Lanka","Reality-TV",8
"Sri Lanka","Romance",111
"Sri Lanka","Sci-Fi",36
"Sri Lanka","Short",6
"Sri Lanka","Sport",4
"Sri Lanka","Thriller",61
"Sri Lanka","War",4
"Sweden","Action",184
"Sweden","Adult",4
"Sweden","Adventure",121
"Sweden","Animation",58
"Sweden","Biography",17
"Sweden","Comedy",158
"Sweden","Crime",143
"Sweden","Documentary",31
"Sweden","Drama",344
"Sweden","Family",17
"Sweden","Fantasy",45
"Sweden","Game-Show",11
"Sweden","History",8
"Sweden","Horror",22
"Sweden","Music",7
"Sweden","Musical",2
"Sweden","Mystery",51
"Sweden","Reality-TV",21
"Sweden","Romance",82
"Sweden","Sci-Fi",24
"Sweden","Short",4
"Sweden","Sport",10
"Sweden","Thriller",56
"Sweden","War",9
"Sweden","Western",1
"Switzerland","Action",184
"Switzerland","Adult",3
"Switzerland","Adventure",121
"Switzerland","Animation",36
"Switzerland","Biography",16
"Switzerland","Comedy",181
"Switzerland","Crime",158
"Switzerland","Documentary",33
"Switzerland","Drama",337
"Switzerland","Family",37
"Switzerland","Fantasy",53
"Switzerland","Game-Show",8
"Switzerland","History",4
"Switzerland","Horror",26
"Switzerland","Music",15
"Switzerland","Mystery",57
"Switzerland","Reality-TV",13
"Switzerland","Romance",106
"Switzerland","Sci-Fi",25
"Switzerland","Short",4
"Switzerland","Sport",14
"Switzerland","Thriller",56
"Switzerland","War",4
"Taiwan","Action",202
"Taiwan","Adult",2
"Taiwan","Adventure",95
"Taiwan","Animation",32
"Taiwan","Biography",16
"Taiwan","Comedy",158
"Taiwan","Crime",116
"Taiwan","Documentary",14
"Taiwan","Drama",365
"Taiwan","Family",13
"Taiwan","Fantasy",35
"Taiwan","Game-Show",1
"Taiwan","History",4
"Taiwan","Horror",24
"Taiwan","Music",5
"Taiwan","Mystery",81
"Taiwan","Reality-TV",1
"Taiwan","Romance",145
"Taiwan","Sci-Fi",46
"Taiwan","Sport",11
"Taiwan","Thriller",64
"Taiwan","War",3
"Thailand","Action",229
"Thailand","Adult",2
"Thailand","Adventure",144
"Thailand","Animation",51
"Thailand","Biography",7
"Thailand","Comedy",208
"Thailand","Crime",118
"Thailand","Documentary",15
"Thailand","Drama",265
"Thailand","Family",13
"Thailand","Fantasy",45
"Thailand","History",14
"Thailand","Horror",35
"Thailand","Music",1
"Thailand","Mystery",60
"Thailand","Romance",132
"Thailand","Sci-Fi",46
"Thailand","Sport",1
"Thailand","Thriller",70
"Thailand","War",3
"Thailand","Western",2
"Trinidad and Tobago","Action",186
"Trinidad and Tobago","Adult",3
"Trinidad and Tobago","Adventure",109
"Trinidad and Tobago","Animation",57
"Trinidad and Tobago","Biography",13
"Trinidad and Tobago","Comedy",162
"Trinidad and Tobago","Crime",133
"Trinidad and Tobago","Documentary",23
"Trinidad and Tobago","Drama",309
"Trinidad and Tobago","Family",19
"Trinidad and Tobago","Fantasy",39
"Trinidad and Tobago","Game-Show",13
"Trinidad and Tobago","Horror",28
"Trinidad and Tobago","Music",4
"Trinidad and Tobago","Mystery",51
"Trinidad and Tobago","Reality-TV",17
"Trinidad and Tobago","Romance",105
"Trinidad and Tobago","Sci-Fi",20
"Trinidad and Tobago","Short",3
"Trinidad and Tobago","Sport",6
"Trinidad and Tobago","Thriller",98
"Trinidad and Tobago","War",3
"Trinidad and Tobago","Western",1
"Turkey","Action",211
"Turkey","Adult",3
"Turkey","Adventure",107
"Turkey","Animation",34
"Turkey","Biography",18
"Turkey","Comedy",151
"Turkey","Crime",154
"Turkey","Documentary",30
"Turkey","Drama",393
"Turkey","Family",20
"Turkey","Fantasy",64
"Turkey","Game-Show",3
"Turkey","History",3
"Turkey","Horror",31
"Turkey","Music",2
"Turkey","Musical",1
"Turkey","Mystery",62
"Turkey","Reality-TV",5
"Turkey","Romance",84
"Turkey","Sci-Fi",28
"Turkey","Short",4
"Turkey","Sport",6
"Turkey","Thriller",64
"Turkey","War",4
"Ukraine","Action",216
"Ukraine","Adult",3
"Ukraine","Adventure",129
"Ukraine","Animation",65
"Ukraine","Biography",14
"Ukraine","Comedy",188
"Ukraine","Crime",173
"Ukraine","Documentary",35
"Ukraine","Drama",342
"Ukraine","Family",25
"Ukraine","Fantasy",31
"Ukraine","Game-Show",3
"Ukraine","History",3
"Ukraine","Horror",28
"Ukraine","Music",8
"Ukraine","Mystery",45
"Ukraine","Reality-TV",3
"Ukraine","Romance",73
"Ukraine","Sci-Fi",25
"Ukraine","Short",5
"Ukraine","Sport",9
"Ukraine","Thriller",62
"Ukraine","War",2
"United Arab Emirates","Action",200
"United Arab Emirates","Adult",2
"United Arab Emirates","Adventure",111
"United Arab Emirates","Animation",40
"United Arab Emirates","Biography",23
"United Arab Emirates","Comedy",165
"United Arab Emirates","Crime",139
"United Arab Emirates","Documentary",29
"United Arab Emirates","Drama",356
"United Arab Emirates","Family",14
"United Arab Emirates","Fantasy",44
"United Arab Emirates","Game-Show",13
"United Arab Emirates","History",4
"United Arab Emirates","Horror",25
"United Arab Emirates","Music",2
"United Arab Emirates","Mystery",50
"United Arab Emirates","Reality-TV",20
"United Arab Emirates","Romance",112
"United Arab Emirates","Sci-Fi",22
"United Arab Emirates","Short",4
"United Arab Emirates","Sport",8
"United Arab Emirates","Thriller",62
"United Arab Emirates","War",3
"United Kingdom","Action",173
"United Kingdom","Adult",3
"United Kingdom","Adventure",136
"United Kingdom","Animation",62
"United Kingdom","Biography",19
"United Kingdom","Comedy",210
"United Kingdom","Crime",109
"United Kingdom","Documentary",36
"United Kingdom","Drama",281
"United Kingdom","Family",27
"United Kingdom","Fantasy",44
"United Kingdom","Game-Show",11
"United Kingdom","History",3
"United Kingdom","Horror",31
"United Kingdom","Music",5
"United Kingdom","Musical",2
"United Kingdom","Mystery",38
"United Kingdom","Reality-TV",24
"United Kingdom","Romance",81
"United Kingdom","Sci-Fi",33
"United Kingdom","Short",7
"United Kingdom","Sport",11
"United Kingdom","Thriller",49
"United Kingdom","War",7
"United Kingdom","Western",1
"United States","Action",143
"United States","Adult",4
"United States","Adventure",102
"United States","Animation",52
"United States","Biography",9
"United States","Comedy",164
"United States","Crime",112
"United States","Documentary",26
"United States","Drama",296
"United States","Family",34
"United States","Fantasy",28
"United States","Game-Show",12
"United States","History",1
"United States","Horror",30
"United States","Music",11
"United States","Mystery",54
"United States","Reality-TV",27
"United States","Romance",72
"United States","Sci-Fi",30
"United States","Short",4
"United States","Sport",22
"United States","Thriller",59
"United States","War",3
"United States","Western",3
"Uruguay","Action",136
"Uruguay","Adult",2
"Uruguay","Adventure",103
"Uruguay","Animation",50
"Uruguay","Biography",16
"Uruguay","Comedy",167
"Uruguay","Crime",151
"Uruguay","Documentary",22
"Uruguay","Drama",376
"Uruguay","Family",14
"Uruguay","Fantasy",27
"Uruguay","Game-Show",1
"Uruguay","History",5
"Uruguay","Horror",29
"Uruguay","Music",38
"Uruguay","Musical",1
"Uruguay","Mystery",63
"Uruguay","Reality-TV",3
"Uruguay","Romance",89
"Uruguay","Sci-Fi",11
"Uruguay","Short",3
"Uruguay","Sport",8
"Uruguay","Thriller",83
"Uruguay","War",3
"Uruguay","Western",1
"Venezuela","Action",135
"Venezuela","Adult",2
"Venezuela","Adventure",78
"Venezuela","Animation",40
"Venezuela","Biography",9
"Venezuela","Comedy",181
"Venezuela","Crime",125
"Venezuela","Documentary",24
"Venezuela","Drama",334
"Venezuela","Family",16
"Venezuela","Fantasy",20
"Venezuela","Horror",21
"Venezuela","Music",31
"Venezuela","Musical",1
"Venezuela","Mystery",45
"Venezuela","Reality-TV",3
"Venezuela","Romance",117
"Venezuela","Sci-Fi",10
"Venezuela","Short",2
"Venezuela","Sport",8
"Venezuela","Thriller",79
"Venezuela","War",3
"Vietnam","Action",257
"Vietnam","Adult",2
"Vietnam","Adventure",131
"Vietnam","Animation",24
"Vietnam","Biography",8
"Vietnam","Comedy",245
"Vietnam","Crime",121
"Vietnam","Documentary",6
"Vietnam","Drama",331
"Vietnam","Family",30
"Vietnam","Fantasy",51
"Vietnam","Game-Show",1
"Vietnam","History",12
"Vietnam","Horror",25
"Vietnam","Music",4
"Vietnam","Mystery",56
"Vietnam","Reality-TV",1
"Vietnam","Romance",121
"Vietnam","Sci-Fi",48
"Vietnam","Thriller",74
"Vietnam","War",4
"Vietnam","Western",2
